{
  "0": 0.0,
  "1": -0.11463663299663596,
  "2": 0.99323647726225,
  "3": 0.510824884564187,
  "4": -0.10747241526727505,
  "5": -0.11940410599402507,
  "6": 0.9863024535294943,
  "7": 0.5774263743972179,
  "8": 0.0,
  "9": 0.23939211487309903,
  "10": 0.9743311919387356,
  "11": 0.8050671780095023,
  "12": -0.10747002443030775,
  "13": -0.10983358576273972,
  "14": 0.38318824284616243,
  "15": 0.863055576820682,
  "16": 0.9960338341046219,
  "17": 0.6732716431422314,
  "18": 0.9584522421224759,
  "19": -0.11468896456313854,
  "20": 0.9800692826496108,
  "21": 0.6586483793904718,
  "22": 0.971622511099819,
  "23": -0.11469703137992857,
  "24": 0.9757557898556073,
  "25": 0.37238677462601744,
  "26": 0.843933801536757,
  "27": 0.5061512500093803,
  "28": -0.1262977503377492,
  "29": -0.11635490733358902,
  "30": 0.8454306628854789,
  "31": 0.5986911998113537,
  "32": 0.5526847157685233,
  "33": -0.11462979610599532,
  "34": 0.970979624500705,
  "35": 0.21552023628873862,
  "36": -0.10747207009439078,
  "37": 0.0038696466808549376,
  "38": 0.9768530022391305,
  "39": 0.8410947652729841,
  "40": 0.587236194695437,
  "41": 0.7644506921183122,
  "42": 0.9233432504409553,
  "43": 0.24932724240981394,
  "44": -0.10832381477235767,
  "45": 0.8799451338737887,
  "46": 0.9691697559450104,
  "47": 0.7838630596208851,
  "48": 0.9643107497889831,
  "49": 0.3133898997583317,
  "50": -0.1149710783935845,
  "51": -0.1148246470828268,
  "52": 0.9798402642536556,
  "53": 0.600704645295225,
  "54": 0.8372021924188441,
  "55": -0.1146886824230273,
  "56": 0.7652501103357818,
  "57": -0.011749710619679592,
  "58": 0.04639157906649362,
  "59": 0.16073132002937857,
  "60": 0.860142335856782,
  "61": 0.3279552422095239,
  "62": -0.01087483101356404,
  "63": 0.46522862893358763,
  "64": 0.0,
  "65": 0.8960544914808914,
  "66": 0.9854681216255265,
  "67": 0.912272019340298,
  "68": -0.1074740988627691,
  "69": -0.10980247689100164,
  "70": -0.11862947634771845,
  "71": -0.1153780433176553,
  "72": -0.10747327116023433,
  "73": -0.1225406915109305,
  "74": 0.9695263352903947,
  "75": 0.8902897033442426,
  "76": -0.10747529088673174,
  "77": -0.1074695898150912,
  "78": -0.10977524318137254,
  "79": -0.1086641349520659,
  "80": 0.988633358294328,
  "81": 0.8577236573351428,
  "82": 0.914564203398629,
  "83": 0.8762816503215455,
  "84": 0.4550230770105372,
  "85": 0.9075611518179088,
  "86": 0.9089189193576668,
  "87": 0.6346385359728002,
  "88": 0.9657286884941614,
  "89": 0.8194780370224547,
  "90": 0.871737365436839,
  "91": -0.07806915501616951,
  "92": -0.10509187710720996,
  "93": -0.10987457774455714,
  "94": -0.13121419893625058,
  "95": -0.11469036708306063,
  "96": 0.5476151336623349,
  "97": 0.9136482945841489,
  "98": 0.8067734008353992,
  "99": -0.03873174521942119,
  "100": -0.10898106804745045,
  "101": 0.9146883267020534,
  "102": 0.8817641344438947,
  "103": 0.90230624392276,
  "104": -0.14567436106374454,
  "105": 0.888675353001247,
  "106": 0.8167773656555279,
  "107": 0.8694765567332106,
  "108": -0.1263275747505576,
  "109": -0.051545837789055256,
  "110": 0.6377581369742863,
  "111": 0.45645048693957113,
  "112": 0.9515470453844237,
  "113": 0.38054497193104814,
  "114": 0.04000858922795403,
  "115": 0.2281436415473176,
  "116": 0.9746330784579424,
  "117": 0.8134705937272015,
  "118": -0.03871341045180191,
  "119": 0.4917299843874447,
  "120": 0.8910979285809637,
  "121": 0.7619191752569326,
  "122": 0.9523525806776146,
  "123": -0.11553104806583457,
  "124": 0.8512621440333727,
  "125": 0.3290546377785143,
  "126": 0.9513794374625508,
  "127": -0.11471552152181352,
  "128": -1.5933510015689927e-16,
  "129": 0.8850416459695134,
  "130": 0.98839263309386,
  "131": -0.008263112020630365,
  "132": -0.10747114209661542,
  "133": -0.10661212250446228,
  "134": 0.9664314737631634,
  "135": 0.9109042166893151,
  "136": 0.5526847157685235,
  "137": 0.865329087091468,
  "138": 0.9663772168934313,
  "139": 0.8431400574661694,
  "140": -0.1098109576428436,
  "141": -0.10980520203968369,
  "142": 0.326798327206792,
  "143": 0.3007207774074408,
  "144": 0.9903721512193998,
  "145": -0.029126564882362822,
  "146": 0.9464606783844052,
  "147": 0.3856066320373483,
  "148": 0.943205490073819,
  "149": 0.8371275440099297,
  "150": 0.8607601151542388,
  "151": 0.8781152772216448,
  "152": 0.9793301931566245,
  "153": 0.6787784161759925,
  "154": 0.8961985808825931,
  "155": 0.6952699214173064,
  "156": -0.12417010454050628,
  "157": -0.106281389804847,
  "158": 0.5568198842657751,
  "159": 0.706472349497661,
  "160": 0.552684700495784,
  "161": 0.9119661503320833,
  "162": 0.8767140540444497,
  "163": 0.23051956150293684,
  "164": -0.10988226450669925,
  "165": 0.8759852360400563,
  "166": 0.9102781060407517,
  "167": 0.7233202253720299,
  "168": 0.5872361948139248,
  "169": 0.8704710836326814,
  "170": 0.8993705732421222,
  "171": 0.7875122864781163,
  "172": -0.10584538947175694,
  "173": 0.7365521126946979,
  "174": 0.8709628058587859,
  "175": 0.6433868029199659,
  "176": 0.8462928593838671,
  "177": 0.29357478402262716,
  "178": -0.1149710783935845,
  "179": -0.11649660340167381,
  "180": 0.8871945323265733,
  "181": 0.483773769827631,
  "182": 0.36113049741661296,
  "183": 0.4098947043043709,
  "184": -0.04396721055229172,
  "185": 0.3315228728961458,
  "186": 0.28818518665510656,
  "187": 0.48427726522871917,
  "188": 0.4802416041153293,
  "189": 0.6320199403452913,
  "190": 0.4676278960225281,
  "191": 0.47418073488870055,
  "192": 0.5526847157685233,
  "193": 0.8243985331066086,
  "194": 0.9847111265976535,
  "195": 0.8266015057528805,
  "196": -0.10982097919495581,
  "197": -0.10978336717868199,
  "198": -0.11862947567971932,
  "199": -0.11801144425962279,
  "200": -0.10747057443594006,
  "201": -0.11732239340911665,
  "202": -0.09861508636896173,
  "203": -0.1034985726275659,
  "204": -0.10747015017013231,
  "205": -0.10747013596743783,
  "206": -0.10988420454242413,
  "207": -0.10746831747992075,
  "208": 0.9737432829572019,
  "209": 0.8101660595786109,
  "210": 0.8759477614582947,
  "211": 0.6718185184724228,
  "212": 0.40144271068658116,
  "213": 0.2996844167033873,
  "214": 0.6730458156549466,
  "215": 0.6434857601674661,
  "216": -0.10364388557036845,
  "217": -0.10964387385069335,
  "218": -0.10672809827825021,
  "219": -0.10746984936536666,
  "220": -0.10988486127216564,
  "221": -0.10746654890127999,
  "222": -0.10747014871306632,
  "223": -0.10747209974248637,
  "224": 0.5476199721475097,
  "225": 0.8747591049558572,
  "226": 0.08571991874370136,
  "227": 0.2267356066747711,
  "228": -0.10788196148327515,
  "229": 0.8209225706818997,
  "230": 0.5207784379814425,
  "231": 0.4731115530029915,
  "232": -0.1074723042543433,
  "233": -0.1096278471719992,
  "234": -0.09854100085417118,
  "235": -0.10155345647479666,
  "236": -0.1074709991314739,
  "237": -0.10746627938079167,
  "238": -0.10522264424533803,
  "239": -0.10746736347307767,
  "240": 0.8980530633184629,
  "241": 0.6361011446038535,
  "242": 0.2546400158205647,
  "243": 0.48422801553292844,
  "244": 0.8836414042505527,
  "245": 0.6611676758951105,
  "246": 0.5981975345065131,
  "247": 0.4741035219857743,
  "248": -0.10228003063932317,
  "249": -0.10368163483952653,
  "250": -0.10522264426298884,
  "251": -0.10746840138932845,
  "252": -0.10712647155477414,
  "253": -0.10746792021458382,
  "254": -0.10988518557468122,
  "255": -0.10746887366504118
}
